id,user/name,full_text,favorite_count,reply_count,created_at
UgztV9t6sRHf_yHRspZ4AaABAg,Paulo Heavy Metal,"Uma aula de como se faz um filme sobre jogo,nao inventar coisas q nao tem no jogo e fazer oq OS F√ÉS DO JOGO querem ver.",0,0,2023-05-18T23:52:15Z
UgzNIEy0CjBm3AnzV8t4AaABAg,Rom√°rio Santos,At√© os americanos preferem a dublagem brasielira ... Parab√©ns ao dublador brasileiro Rafael Rossato fez um √≥timo trabalho !! üëèüèªüëèüèªüëèüèªüëèüèªüëèüèª‚ù§Ô∏è,0,0,2023-05-14T16:51:36Z
Ugx7yCeNJQZKZAfkPcp4AaABAg,Mello Myth,"Voltei pra comentar, ainda n√£o atingiu 1 bilh√£o e obviamente estarei levando a molecada pra assistir de novo, fa√ßam o mesmo os que est√£o com 45, essa marca √© da nossa gera√ß√£o, somos os respons√°veis pelos celulares e novas tecnologias jamais vistas pela humanidade. Esse filme nos remete ao passado nos lembrando de como pass√°vamos noites a fio jogando e como nos dedicamos a vida com o mesmo afinco, hoje superamos monstros e lutamos por cada fase e caso n√£o conseguimos damos restart at√© conseguir. Esse filme tr√°s exatamente os mesmos personagens e suas caracter√≠sticas melhoradas e √© esse o ponto, √© exatamente isso que quero ver, quero olhar e lembrar de noites mal dormidas jogando e quando acordava estava ainda com o controle na m√£o e o video game em pause e eu apenas continuava, Este n√£o √© o sucesso da Universal √© o sucesso de uma gera√ß√£o,. Se todos pensassem assim o mundo seria mais divertido com melhores pessoas que trabalhariam para melhoria do todo e com isso sua melhoria individual aconteceria naturamente.",0,0,2023-05-06T17:50:52Z
UgzFw-ZXzeX6AW9fooF4AaABAg,Fernando de clipes,"<a href=""https://www.youtube.com/watch?v=wkn-Gb-Fhac&amp;t=1m28s"">1:28</a>  Depois dessa, √© RIP pro Bowser, n√©? kkkkk",0,0,2023-05-01T16:58:52Z
UgzdF8yJIOLz7S6A_pB4AaABAg,cum and cock,Que Mario?,0,0,2023-04-29T15:51:27Z
UgwVC1x_-JHmF17ol354AaABAg,ricardo keniti,Eu vou subir um n√≠vel por ano,0,0,2023-04-28T00:51:34Z
UgzvhuciqeXvRmEK9bt4AaABAg,Ramon Meireles da Silva,Esse filme √© muito divertido.,0,0,2023-04-24T18:52:57Z
Ugwour1Iu2F3KoAMjQx4AaABAg,Mello Myth,"Filma√ßo! Quando esses caras v√£o entender que n√£o importa a historia sem gra√ßa, quero apenas assistir ao filme e ele ficou muito foda... Parabens",1,0,2023-04-20T22:17:51Z
UgyzsZx6JWP4bEzOdk14AaABAg,JR Pontual - o chof√©,"Eu como um amante o jogo, achei um PECADO n√£o ter o YOCHI no filme...<br>No jogo ele √© essencial pra passar v√°rias fases...üò¢<br>Vacilaram feio!",0,1,2023-04-17T17:37:06Z
Ugx_EDPiNA38v2cGjWx4AaABAg,A joaquim ùêçùê®ùê∞ ùê•ùê®ùêöùêùùê¢ùêßùê†. . .,Shop,0,0,2023-04-16T23:10:45Z
UgzgAJvIldT-gYC_yWJ4AaABAg,A joaquim ùêçùê®ùê∞ ùê•ùê®ùêöùêùùê¢ùêßùê†. . .,Ouvir cinema,0,0,2023-04-16T23:10:23Z
UgwovvWFJlpoQKmur6h4AaABAg,cachorro agiota,Top D+!!!!! Vou levar meus filhos pra ver!!!! Uma vida esperando por isso!!!,0,0,2023-04-14T14:43:59Z
Ugzzm42tDifKvHmV9MJ4AaABAg,Gessica Trindade,Descobri que n√£o tem lacra√ß√£o.  ‚ù§‚ù§ quero muito ver,2,0,2023-04-13T19:36:24Z
Ugx18KusPfFYjKIhZ4x4AaABAg,Doutor my singing monsters e mais,Eu vi o filme no cinema hj gostei muito,0,0,2023-04-13T12:48:40Z
Ugwifn5wAJ0VJi4g1_N4AaABAg,D√™h di Dulce,"voltei aqui pra dizer q assisti o filme no cinema no meu aniver, com minha camiseta do Super Mario e com um sorriso enorme do inicio ao fim do filme. O √∫nico defeito dele √© que ele acaba pq fiquei ate o final dos cr√©ditos querendo mais &lt;3 Obrigada Universal por esse presente de anivers√°rio. Vale muito apena &lt;3",1,0,2023-04-12T07:28:46Z
UgxtqfgOhwyoW9mASy94AaABAg,Eduar Ortiz,ü§Ø,0,0,2023-04-10T22:07:09Z
UgxwUSLCIpTYR6661r14AaABAg,Andr√© TryJAZZ,J√° est√£o anunciando no filme o Mario Kart 9,0,0,2023-04-08T08:24:10Z
Ugz6_DzhniQ2E6nDzh54AaABAg,Galadus,"<a href=""https://www.youtube.com/watch?v=wkn-Gb-Fhac&amp;t=1m02s"">1:02</a> top 10 batalhas mais sangrentas dos filmes. Cuidado, cenas fortes üòî.",0,0,2023-04-07T23:40:40Z
Ugw9SfZ5LFCNWWKew_54AaABAg,Maciel Lima,O encanador mais corajoso da gal√°xia üòÖ,0,0,2023-04-07T14:56:53Z
Ugx6kw1XioegH4MhAd54AaABAg,Bheenda Monique,A dublagem Br üòçüòçüòçüòç,0,0,2023-04-05T16:13:54Z
Ugz7ZCdb5Uho1Tt-Dqp4AaABAg,Pedro Maconhas,"<a href=""https://www.youtube.com/watch?v=wkn-Gb-Fhac&amp;t=1m30s"">1:30</a> THE ONE PIECE IS REAAAAAAALLLLLL",0,0,2023-04-05T02:16:15Z
UgwNPRd1fdz7W6OR_LJ4AaABAg,Ubisoft939,Falta 1 dia meus manos fiquem prontos ou prontas se preparem para comer uma pipoca e ver o encanador salvar o luigi,0,0,2023-04-04T21:54:34Z
UgzyNI-iO52KAcqWVFF4AaABAg,Chloe Park,"Eu cresci com eles, agora t√¥ vendo um filme do Mario feito pela mesma empresa que fez Sing e Meu Malvado favorito, O Mundo √© Louco n√£o √©???",0,0,2023-04-04T20:50:10Z
UgzMG7PY-D8gZA6zonJ4AaABAg,Mois√©s Christian,Quando vai lan√ßar Madagascar 4,0,0,2023-04-02T22:07:10Z
UgyMOHbIhvRsntPJd1J4AaABAg,Thereza Ens,Gente essa trilha sonora.. a dublagem.. tudo me emocionou!,1,0,2023-03-20T16:03:21Z
UgwGaR-JVYmFQ2ZWYh94AaABAg,Lea Bianchi,Mil vez melhor que Chris Pratt!!,0,0,2023-03-14T12:13:44Z
Ugw-XH9bLzXJML_dEQV4AaABAg,Renatogdias,lan√ßa porfavor,1,0,2023-03-11T18:28:58Z
Ugzv9FuHeoRtrDMrJ2V4AaABAg,Bruna Fraga,Mesmo com 30 anos nas costas chorei Litros! Passei minha inf√¢ncia todinha com Mario! üòç,0,0,2023-03-11T14:47:26Z
Ugzft5xu-JyK7sveYi14AaABAg,Aldenora Silva,Dublagem magn√≠fica cara Olha esses gr√°ficos meu Deus eu j√° quero assistir o filme,0,0,2023-03-08T15:38:13Z
Ugw8AE3PoSMZg8dPaEh4AaABAg,üçÑ Super Jos√© Bros. üçÑ,Saudades do dia que saiu o primeiro Teaser desse Filme ü•≤,1,0,2023-03-06T22:06:19Z
UgyZYkk6RwUiFwJcal14AaABAg,Cronodoug„É°„Ç¨,"Espero que n√£o fa√ßam a idiotice de mudar os Dubladores. Isso ficou ideal, muito al√©m da vers√£o americana.",0,0,2023-02-27T06:13:37Z
UgyW6S_FutA55lvCdGh4AaABAg,wellisson diniz,"uma das melhores dublagens que ja vi , nao mudem a dublagem .... nem os atores .... excelente .... conto pra ver essa mesma dublagem .....no final",0,0,2023-02-06T00:52:37Z
Ugx2o0eT3Ttj7IEIpfd4AaABAg,Flavio Abra√£o 2022,A dublagem do filme ta boa mas o trailer ta melhor ainda espero que a bilheteria do filme seje de 1 bilh√£o,0,0,2023-02-05T21:25:14Z
UgygaYHK_OXuKwh9Ufl4AaABAg,Roberto Junior,vai ser muuuuuuuuuuuuuuuuuuuuuuuuuuuuuuuuuuuuuuuuuuuuuuito PH0D@ üòÅ‚ù§‚Äçüî•,0,0,2023-01-26T18:37:05Z
UgwHQgHRhMRReZlOC2R4AaABAg,Douglas Silva,"A dublagem brasileira nesse teaser est√° maravilhosa. Tor√ßo muito para que n√£o mudem para algum maluco, ou apresentador ou influenciador digital. De repente o cara do caneta azul.",0,0,2023-01-24T18:19:49Z
Ugzv_wQb1y3gUkNIdCF4AaABAg,gregory,A voz do kamek ü§£ eu n√£o  suporto isso n√£o,0,0,2023-01-21T20:32:22Z
Ugx63tK-PJN8KGX8woB4AaABAg,0HZ,"O Mario √© o her√≥i e tira os vil√µes de letra nos jogos, nesse filme parece que o Mario √© um mer.d4",0,0,2023-01-12T23:31:26Z
Ugwh_KTM7j1JTv3HEht4AaABAg,Jhonny testei,Adorei n√£o troque os dublador por favor,0,0,2023-01-09T20:51:21Z
Ugy_OrNmswqhLipzvoR4AaABAg,Descompactado,Os pinguins do Super Tux do Linux,0,0,2023-01-06T02:50:24Z
Ugzo1xi0yzj2NAFCM3B4AaABAg,fernando claudio,Eu tamb√©m j√° vi o trailer,0,0,2022-12-26T00:19:34Z
UgwIAwu7BJXEztfVX0B4AaABAg,Jon grabiel,n√£o bote os startalents n√£o √© uma boa ideia.,1,0,2022-12-24T13:21:04Z
Ugx-CsC72tvFbbXFnKp4AaABAg,Jon grabiel,"universal, n√£o troquem o elenco mantenha os dubladores por favor, n√£o coloque famosinho que n√£o tem experiencia de dublar, todos eles est√£o bom.",1,0,2022-12-24T13:19:58Z
UgyshVb9ebHcAO8tgOJ4AaABAg,Francisca Lucia Alves,Ja joguei nintendo switch meu nome e Davi Alves nintendo switch,0,1,2022-12-22T16:51:50Z
UgwHBsEBB2lAthnp38R4AaABAg,Glaucia Lima,"Ansiosa pra ver, amo M√°rio minha inf√¢ncia üòª",0,0,2022-12-22T09:17:44Z
UgxqnSzdqX9f191ejr94AaABAg,Eu Sou Eu üåôüíú,Isso t√° perfeito! Pegou a ess√™ncia dos jogos ü•≤... Acho que vou surrrtarrrrr ü§Øüò±,1,0,2022-12-22T00:39:07Z
UgzIbnuSww4P88gIoDF4AaABAg,Nilo Duarte,Dubladores que est√£o fazendo as vozes dos personagens do filme:<br>Mario: Raphael Rossatto<br>Luigi: Manolo Rey<br>Princesa Peach: Carina Eiras<br>Bowser: M√°rcio Dondi<br>Toad: Eduardo Drummond<br>Donkey Kong: Pedro Azevedo<br>Kamek: Robrigo Oliveira<br>Rei Pinguim: Marco Ribeiro,4,1,2022-12-21T02:02:42Z
UgxB1yBA7wv6tA1T12t4AaABAg,Romildo Nunes De Oliveira,Gostei,0,0,2022-12-20T16:44:41Z
UgydnpsPRog8JDxBS0R4AaABAg,Jo√£o Kiss,Pensei que era um Live action... que bosta.,0,1,2022-12-18T03:31:33Z
UgxX0Z_5G7Gn2Ja9VqZ4AaABAg,Ivone Cardoso,ü§úü§õüòçüòçüíïüôàü§úüôàüòÜ‚ù§Ô∏èüòÜüòòü§õüíñüò≤üòç,0,0,2022-12-17T20:31:36Z
Ugw4rbey5Bgllq4IdCF4AaABAg,Henrique Oliveira,Vai sair em algum streaming depois?,0,0,2022-12-13T17:08:34Z
UgwEakIUv3Bu-8j-Bz94AaABAg,Juan Guimar√£es,√â o meu desenho favorito.,2,0,2022-12-12T21:26:10Z
UgzSO-tabGcg-C4ZGNl4AaABAg,Mamer Ggtow,"s√≥ quem jogou mario no nes, sabe o qu√£o emocionante √© isso<br>acho q vou para o cinema, depois de tanto tempo ficar sem ir.",22,0,2022-12-11T04:55:43Z
UgyhYCm8b-QlUDg48Wx4AaABAg,Seathus,"O filme parece estar √≥timo, a dublagem brasileira, como sempre sensacional, mas tem um por√©m... Essa princesa ficou totalmente nada a ver!! Peach nunca foi uma guerreira, respeitem os f√£s que acompanham e compram os jogos h√° d√©cadas e tragam a verdadeira princesa Peach de volta! N√£o √© crime uma mulher ser feminina, respeitem suas origens e deixem a lacra√ß√£o de lado!!",0,2,2022-12-11T04:04:21Z
UgxQsdlRB-hJ0h-XtPl4AaABAg,Aline Ramos,"‚óè RESENHA DO TRAILER: youtube: HER√ìIS E MAIS GAMES: üëâ<a href=""https://youtu.be/Gcl1Dys39B0"">https://youtu.be/Gcl1Dys39B0</a>",0,0,2022-12-09T01:50:20Z
Ugwfhvs-_Xp6l3XV3WB4AaABAg,Diane Lammers,"I&#39;m probably the only non Brazilian here, but Mario kinda sounds more like Mario here.",1,0,2022-12-08T19:15:43Z
UgzzyOqyZPfJZY2Tgcd4AaABAg,Marquinho,T√¥ muito ansioso para assistir no Cinema,0,0,2022-12-07T20:54:02Z
Ugzyi055X_CjFK9ukWR4AaABAg,Vitor Guedes,"<a href=""https://www.youtube.com/watch?v=wkn-Gb-Fhac&amp;t=0m46s"">0:46</a>",0,0,2022-12-07T15:18:03Z
Ugy6UuVPhdxXaqiXbsd4AaABAg,claudia antonio,Quando em 2023 v√£o sair o filme<br>Qual m√™s????<br>Amo super M√°rio,0,0,2022-12-06T22:41:35Z
UgzyjCCjn1-MUfv2tux4AaABAg,obreiro Mateus isso a√≠,Fizeram mesma coisa no Sonic 2 KKK ü§£,0,0,2022-12-06T00:39:49Z
Ugw3NlEDPBNpxBgobyV4AaABAg,ANA GATA M√öSICAS V√çDEOS,"<a href=""https://youtu.be/AioqpquwhWA"">https://youtu.be/AioqpquwhWA</a>",1,0,2022-12-04T20:01:05Z
Ugy_eTiVE9WuosfmfZ94AaABAg,Chronos,Pqp como sou f√£ de Super Mario! üòç<br>Como demorou para a Nintendo lan√ßar algo assim! ‚ù§<br>Imagina um filme de The Legend of Zelda ‚ù§,1,0,2022-12-03T02:10:29Z
UgwFR6yxNT_HLRjWa7J4AaABAg,T√ÅSSIO CANAL,Mantenha essa dublagem perfeita,0,0,2022-12-03T02:06:10Z
UgyPq8XBYiIA25DOazF4AaABAg,JACQUELINE BARBOSA,Dublagem maravilhosa ‚ù§üëèüëè,0,0,2022-12-02T16:26:11Z
Ugxp7_ioOIIZljvtUWZ4AaABAg,Pamela Almeida,√â   MUITO  LEGAL,0,0,2022-12-02T02:17:07Z
UgzeRtuL-A0lwSHU0QV4AaABAg,Jefferson SCCP,Esse filme vai ficar bom dublado,2,0,2022-12-02T02:05:26Z
UgyGDgbFDQFImNaKgvl4AaABAg,Atreus Rodrigues,Esses Dubladores tem que ser mantidos no filme,0,0,2022-12-02T00:57:56Z
UgzRIe9GfA3mi8KclHR4AaABAg,Luan Isaias,"<a href=""http://www.youtube.com/results?search_query=%23supermarion%C3%A3otemstartalent"">#SUPERMARION√ÉOTEMSTARTALENT</a>, esse coment√°rio nem pode ser t√£o visualizado, mas √© importante afirma que n√≥s queremos esse filme sendo dublado por dubladores profissionais, os f√£s n√£o querem os personagens principais sendo dublados por atores famosos, queremos que a dublagem do trailer seja mantida do jeito que est√°",16,0,2022-12-01T21:52:01Z
UgzmvMqy3CJuZdOFOzh4AaABAg,K√™nia K. üå∏,"UNIVERSAL, eu venho por meio desta implorar para que N√ÉO mudem os dubladores!!! <br>Esses est√£o perfeitos!!!!!!!!!",1,0,2022-12-01T19:30:48Z
UgxyEu_vKH0NhmCuuxd4AaABAg,TV DE TUBO Videogame,"<b>__</b> vai ser muito Massaa<a href=""about:invalid#zCSafez""></a>",0,0,2022-12-01T15:07:51Z
UgxKkUpo_daJxft4Va54AaABAg,Vex ‚Ä¢_‚Ä¢,This isn‚Äôt fair why we have to get Chris Pratt and other countries get an actual voice actor,3,0,2022-11-30T13:55:13Z
Ugyp8Dqe9fb7wRx8Lq14AaABAg,Luiz √¥ Gabriel,Mario? Que Mario?,0,1,2022-11-29T23:17:04Z
UgyeNrRfX3a9GRs-1_B4AaABAg,Jo√£o Pedro Fi√∫za,"Eu amei o teaser trailer oficial do novo filme de anima√ß√£o do Mario, eu adorei o visual do filme, os cen√°rios, os personagens (principalmente o Bowser que √© o meu personagem favorito dos jogos do Mario), a trilha sonora do teaser trailer, a dublagem dos personagens (principalmente a de Jack Black como a voz do Bowser e a do M√°rcio Dondoni) e as refer√™ncias dos jogos do Mario. Eu tor√ßo para que este filme do Mario seja um grande sucesso de bilheteria, que as salas do cinema estejam cheias de crian√ßas e adultos que s√£o grandes f√£s do Mario assim como eu, e que esse filme ganhe at√© um Oscar de &quot;Melhor Filme de Anima√ß√£o&quot;. Estou aqui no meu hype para ver este filme que vai ser incr√≠vel. ü§©ü§©ü§©",0,0,2022-11-29T22:34:21Z
Ugx5FQ7MEUDkQvWmJAZ4AaABAg,Erik Ponga,Em 2023 universal???? Eu preciso desse filme agora!!!! Sou necessitado desse filme do Mario desde 1800,1,0,2022-11-29T19:39:49Z
UgxwDo14BbxSP0sJvLd4AaABAg,Erik Ponga,Illumination pela mor de deus n√£o coloque piada de peidos nesse filme!!!!,0,0,2022-11-29T19:20:55Z
UgzKqrM7zoPXm-JWVTJ4AaABAg,Canal A.L.Zueiro,√ÉHHHHHH QUI LINDU KRA,0,0,2022-11-29T01:04:19Z
UgwKj-wu5LKeehox8dt4AaABAg,Rodrigo Longuinho,"o Mario teve grandes jogos, espero que o filme seja bom, estou esperando Mar√ßo de 2023 pra poder assistir esse grande cl√°ssico do Mundo dos Games",1,0,2022-11-27T20:40:26Z
UgyF-JKZadydAMHd69N4AaABAg,@Morgan,O filme perfeito n√£o exis...,1,0,2022-11-26T04:32:08Z
Ugy-Y0eDvd9bH7hZq454AaABAg,Dark Night Came,"Cara eu sou f√£ do Sonic, mas esse filme t√° parecendo at√© melhor que do Ouri√ßo! XD (Tive que dizer...XD)",0,1,2022-11-25T19:00:05Z
Ugx5LiEIhDqA9AchwAl4AaABAg,Whatizin,Dublagem ficou muito boa mano s√©rio mesmo,1,0,2022-11-24T21:42:40Z
Ugy7xoU9MahuxV7WiCd4AaABAg,ZIP ANIMA,J√° t√° na hora de lan√ßar o 2¬™ trailer,2,0,2022-11-21T17:00:49Z
Ugw9sCrTmXriB_ZH2Vx4AaABAg,Karen Elizabeth,üòäüòç,0,0,2022-11-16T06:30:25Z
Ugya_1L0mflTUlYU0XB4AaABAg,kazuhapepsi,NEM FUDENDO<br><br><br><br><br>TUDO FUDENDO AJWYKAHQIWHALAHWOXHALWUOX,0,0,2022-11-12T18:42:17Z
Ugwz1m9deKSxWiBLxcZ4AaABAg,Mateus Original,Mais e a princesa Daisy a dubladora?,1,0,2022-11-11T22:33:54Z
Ugy4HadXy_JTRjpmdfh4AaABAg,Dark Angel V,"Eu sempre prefiro assistir com o √°udio original, mas se eles manterem daquele jeito, esse filme vou assistir dublado que est√° muuuuuuuuuuito melhor",0,0,2022-11-11T05:11:10Z
Ugx6eA09MO0YMA3tVSJ4AaABAg,Gustavo Henrique,"Gostei da dublagem BR... S√≥ acho que  ficaria melhor se o dublador do toad inventasse alguma frase no meio do filme tipo;&quot;ESCREVEU N√ÉO LEU O PAL COMEU!&quot; Mas a dublagem ficou boa sim, kkkkk",1,1,2022-11-09T16:38:27Z
UgyHQlScqpTY5wCTE9R4AaABAg,PeterSunnerBits,"√â incr√≠vel como o Dublador fez mais sotaque de Italiano do que o Chris Pratt, S√ÉO POR COISAS ASSIM QUE AMO A DUBLAGEM BRASILEIRA!!!",3,0,2022-11-08T19:46:25Z
UgzjfLEFi1aOEDXLzc54AaABAg,Amiapicatadura,Que mario?üåö,2,1,2022-11-07T01:21:42Z
UgwIJw5gRK5oGWVKeYJ4AaABAg,Kraang Productions Brasil,Espetacular.,1,0,2022-11-03T21:29:20Z
Ugyy6LpUNWAmDJgqvMx4AaABAg,Alex Sena,copas? kkkkkkkkkkk,0,0,2022-11-03T12:58:01Z
UgwEL7pCg-rll9zO3C54AaABAg,Cristina Riuto,O rei dos &#39;Copas&#39;<br>Eu:caraca...bateu uma nostalgia dos desenhos do mario,0,0,2022-11-01T09:36:16Z
Ugy97nYzOHY7yYv37Md4AaABAg,Leonardo Coutinho,Essa dublagem t√° fantastica ü§©  unica coisa que precisam fazer √® n√£o trocar o elenco por famosos,0,0,2022-11-01T01:22:11Z
Ugw1wAbPxG6rCB8QpQp4AaABAg,Luiz Carlos Briches,kkkkkkkkkk tudo perfeito mas falar copa foi foda fala kuupa por favorzinho,0,0,2022-10-31T15:18:54Z
Ugw46rSYmiY6zvcbKM94AaABAg,Duiu,"N gostei da voz do Mario nem do Bowser,nem combinou em relacao ao jogo,n entendo a babacao d ovo falando da dublagem,realmente a dublagem eh a melhor porem essas vozes n combinaram,o Mario nem parece italiano.",0,0,2022-10-30T08:24:04Z
UgyIMQ49QFEb0ZuhTHl4AaABAg,Cakexzinn,Quando o filme ir√° ser lan√ßado?,0,2,2022-10-29T14:58:08Z
Ugz83pT_hHWo32o_fnl4AaABAg,Daniel Vieira,Era tudo que o cinema precisava! Sempre amei o Super Mario! Essa anima√ß√£o √© imperd√≠vel!,1,0,2022-10-27T09:33:20Z
UgxFnYb6mz7m8csDz3V4AaABAg,VTUBER POBRE,"T√° errado os personagens n√£o s√£o de fazer frases grandes e textos,  a express√£o t√° muito ruim , 2022 os cara n√£o aprendeu ainda? Po que chato em",1,1,2022-10-27T03:45:03Z
Ugw0qtKe8uWD_4AfXAB4AaABAg,Benjamin Cohen,AWESOME ! VERSION BRAZIL IS VERY PERFECTO AWESOME ! I&#39;m french and we find ur version best of all,0,0,2022-10-26T22:50:37Z
UgwDFO7zNnwwUUXuAZl4AaABAg,Geibs0n,Que dublagem maravilhosa,1,0,2022-10-26T19:32:08Z
UgzmDnbF8xOmViZxV8p4AaABAg,wyxbia,mano eu t√¥ esperando por isso üòî,0,0,2022-10-26T02:11:08Z
Ugxdr2XOREHLziLv0ld4AaABAg,J4BOTA,Pq o Luigi s√≥ se ferra ais maioriaa das vezes eu acho;--;,1,2,2022-10-26T00:32:13Z
UgxsMWtQUfKBZvHpEbd4AaABAg,porco aranha,Espero que mantenham essa dublagem,1,0,2022-10-25T22:49:07Z
UgwEeXbQYaNP5sTpDOV4AaABAg,THOR Games e Videos,N√£o quebra a dublagem deixa assim pfvüò≠,0,0,2022-10-25T15:14:26Z
UgwxlewlcsxS029HIbJ4AaABAg,Vitor Guedes,"<a href=""https://www.youtube.com/watch?v=wkn-Gb-Fhac&amp;t=1m29s"">1:29</a> agora quem vai me DETER???!!!!!!!!!!",1,1,2022-10-25T00:35:11Z
UgyYOrTl0bJIHs9QT5h4AaABAg,Rafelitto,Maaaano QUE FODAAAAA FICO MELHOR Q O SONIC,0,0,2022-10-24T11:10:13Z
UgxyejYT3oTH0amDpC94AaABAg,michel ramos,Que dublagem perfeita!,1,0,2022-10-22T22:52:39Z
UgxsKIXUhXfEK4eg53x4AaABAg,Mister Genteboa,Quando ele disse rei dos copa achei que ia aparecer o Pel√©,1,0,2022-10-22T01:28:26Z
UgwVv4Xr7xVoM9Wxc9t4AaABAg,Alexis ABC,No manches esta mejor el suyo que el nuestro (mexicano),0,0,2022-10-21T15:59:36Z
UgxCVx2bVXrBsBBIt5h4AaABAg,ScoverPower BR,O dublador do mario no brasil foi mt bom,0,0,2022-10-21T14:40:42Z
UgwZir1YGCQHX85agex4AaABAg,ScoverPower BR,Aqui √© o BRASILüéì,0,0,2022-10-21T14:39:48Z
UgxF7TbNJbvDNWsFWIt4AaABAg,Ivan Lambert,As salas de cinema s√≥ vai ter adulto assistindo üóøüç∑,1,1,2022-10-21T05:53:17Z
Ugw5OWUfq4E2R4v5Yoh4AaABAg,Isaque Rocha,√â muito interessante isso porque as vozes dos personagens s√£o 100% fi√©is √†s dos jogos originais - √© por isso que essa dublagem pode ser chamada de &quot;melhor dublagem do filme do Mario&quot;,0,0,2022-10-21T01:43:21Z
UgzrL88XZAg8mf31jN94AaABAg,Felipe Carvalho,"Vou com muito prazer levar meu filho pra ver esse filme, t√° maluco. Minha inf√¢ncia foi jogar nintendinho. Vi que o est√∫dio do filme √© Ilumination, certeza que o filme ser√° legal",0,1,2022-10-20T21:14:48Z
UgyYgy1-NrabktWrOCZ4AaABAg,Fernando Fernandin,"Ok, ficou tudo muito maravilhoso! Mas poxa, o Mario com bunda de t√°bua eu n√£o tanko. Ele era um baixinho, gordinho e bundudo e agora s√≥ tem cabe√ßa. T√£o me tirando?",0,0,2022-10-20T16:02:11Z
UgwE2lmPN8ofamrxd0F4AaABAg,Ukas Dubbing,√â ir√¥nico que o manolo rey dirigiu a dublagem desse trailer ao mesmo tempo que faz a voz do Sonic,0,0,2022-10-20T15:41:26Z
UgwG02gT92CFhqZuRGl4AaABAg,JLF19,eu vou no cinema,0,0,2022-10-19T02:00:08Z
Ugzrtd9j546MFQ4CcQJ4AaABAg,Anhinha Kerol,Eu espero de cora√ß√£o que eles n√£o mudem os dubladores pq t√° perfeito,0,0,2022-10-19T01:08:13Z
UgxzyqJMmBaIYDp8we54AaABAg,Felix_play,Mano que coisa t√¥ aqui pensando <br>O sonic n√£o tinha uma anel para ir no reino do üçÑcogumelos?<br><br>Gente s√≥ uma conhecidencia,0,0,2022-10-18T23:58:51Z
UgwhDnOgOFffSo8fJ994AaABAg,Edmo Francelino,QUANDO LAN√áA ?,0,1,2022-10-18T19:44:49Z
Ugyjomq5O4O42jFt_g14AaABAg,Sr.Uchiha,Se conhece o M√°rio?,2,1,2022-10-18T16:25:07Z
UgwpwiqJ6aQVlipeqvp4AaABAg,Emanuelle Guimaraes,Aaaah a dublagem de todos os personagens est√° incr√≠vel üòç‚ù§Ô∏è,3,0,2022-10-17T22:44:01Z
UgwHGSqeD1cLr9kHzVh4AaABAg,Gustavo tono gamer,o novo filme do mario porque ja teve um em 1991 mais ou menos esse ano que era muito ruim agora esse novo parece muito bom,1,0,2022-10-17T20:42:13Z
Ugxf6jJiZg8V1dbgRBp4AaABAg,Viol√£o Para Todos (cad) Funciona?,Esse filme vai ser √©picooo,1,0,2022-10-17T20:18:39Z
UgwStTBd01OLBeAhYk94AaABAg,Guilherme gamer ,Convidei todos os meus pais e meu tio para assistir esse filme ano que vem,1,0,2022-10-17T19:00:42Z
UgwYLqUuPLN_bvN9iwd4AaABAg,Jamison L,vers√£o brasileira t√° muito bem servida,1,0,2022-10-17T15:24:14Z
UgwRKtofkBFp9nRQXWB4AaABAg,F√É,"Universal Brasil: P√¥r favor n√£o troca os dubladores, porque se n√£o, eu n√£o irei assistir o filme! Continue, com Os tr√™s dubladores que foram apresentados no trailer, Principalmente o Raphael Rossatto.",3,0,2022-10-17T12:36:51Z
UgyAqbcMzV9fwuovFhF4AaABAg,Pedroanimados,CARA EU VOU COM CERTEZA VER ESSE FILME,1,0,2022-10-17T11:09:19Z
UgyvXXuiUJZun1ZaeTh4AaABAg,‚úøCUTE PINK PEARL‚úø,TE AMO RAFAEL ROSSATO!,1,0,2022-10-17T04:11:43Z
UgxLlyQg_PyXGtCMJBV4AaABAg,KuSoG,QUEM √â DISNEY PIXA PERTO DA DREAMWORKS ILLUMINATION?!,1,0,2022-10-17T03:22:43Z
Ugwp7Z2xcvJ8H5XRcOV4AaABAg,Artur 123,pior q ficou legal o marco ribeiro no pinguim,1,0,2022-10-17T02:44:29Z
UgxGcRjltb3gJiGSTU14AaABAg,Syrlei Oliveira,"Universal por favor eu imploro n√£o estrague a dublagem , ela t√° perfeita pelo amor de deus.",1,0,2022-10-17T00:14:28Z
UgxqazgdjTwN2OxSvEx4AaABAg,vinicius bogre,"<a href=""https://www.youtube.com/watch?v=wkn-Gb-Fhac&amp;t=0m56s"">0:56</a> o Pablo t√° t√£o crescido que virou rei agr",1,1,2022-10-16T23:50:09Z
UgxOhs6ytdWynTlnW6F4AaABAg,Carlos Pacheco,At√© a voz do Magikoopa √© da hora,1,0,2022-10-16T21:40:53Z
Ugx6HZHWCLBWH1VM5ht4AaABAg,Joel Cardoso da Silveira,Todos falando apenas da dublagem e ningu√©m falando da qualidade desse filme!,3,0,2022-10-16T20:43:25Z
UgwMZf2hgh6zT1Us8cF4AaABAg,doqui,Serio gente nos podemos fazer quem nem fizemos com o filme do sonic tipo agente reclamou e mudaram o sonic se agente reclamar ainda mais com o filme do Mario agente consegue fazer eles trocarem pro Charles Martinet na dublagem eu agora fa√ßo uma peti√ß√£o pra isso quem concorda com esse coment√°rio responde falando Chris Pratt n√£o charles martinet sim,1,0,2022-10-16T16:11:33Z
UgyckFDR2AzIgTbwEIB4AaABAg,Sand Castle,"Acabei de assistir os trailers em PT de Portugal e o original em ingl√™s, e digo s√≥ uma coisa: QUE BELO DIA PRA SER BRASILEIRO, meus amigos!!",4,0,2022-10-16T15:04:01Z
UgwR0loM7wXhsCeSyhV4AaABAg,Reydner Esp√≠ndola,Super Mario Bros O Filme 2023,2,0,2022-10-16T02:01:15Z
Ugww_qSTZ8IMr789_mh4AaABAg,Jose valdir,Agora o Toad precisa falar:<br><br>&quot;Voc√™ n√£o √© ave Maria mas t√° cheio de gra√ßa üôè&quot;<br><br>&quot;Todo mundo quer ir para o c√©u mas ningu√©m que morrer üç∑üóø&quot;<br><br>&quot;PELO AMOR DE DEUS PARA üò≠&quot;<br><br>&quot;Se Deus quiser agora ela cala a boca ü•∞&quot;<br><br>&quot;E EU √î DESGRA√áADO üò†&quot;<br><br>&quot;V√™ se fica quieto üôÑüíÖ&quot;,3,1,2022-10-16T00:15:37Z
UgznDai3kpBc4dkFI9l4AaABAg,Filipe,"Dublador fez um trabalho incr√≠vel, slk üî•üî•ü§òüèø",3,0,2022-10-15T23:38:58Z
UgxPhwmRXYhHTV3ym6l4AaABAg,Felipe Rodrigues,simplesmente a melhor dublagem n√© mores,1,0,2022-10-15T21:14:07Z
UgyZsJRvF6YTQsPXJX94AaABAg,Maicon Santos,"Sempre digo, a dublagem BR √© perfeita",1,0,2022-10-15T20:32:01Z
UgwqjxuuE2QNrXUxOG54AaABAg,Fernando Mateus,"Ansioza√ßo pra esse filme, eu com 1,88 na fila dos guri no cinema pra ver M√°rio‚ù§",2,0,2022-10-15T19:22:11Z
UgwZ3PDw-9HzOYZZ_kx4AaABAg,dvdtretas,Acho que dessa vez vou preferir ver dublado üòÖ,1,0,2022-10-15T17:02:19Z
UgxHYpQls0OJ0BsD6lp4AaABAg,Amanda,Nossa vai ser Fodaaaa,1,0,2022-10-15T14:47:43Z
UgxS-JSN6-jIHlOugBh4AaABAg,Mr. com√©dia.,"Seria incr√≠vel se o toad metesse aqueles ditados populares aleat√≥rios, igual ao desenho kkkk<br>- &quot;Todo mundo quer ir pro c√©u mas ningu√©m quer morre!&quot;<br>Ou <br>- &quot;droga, DRoga, DROGA!&quot;<br>Kkkkkk ia ser massa dms",2,0,2022-10-15T11:08:57Z
Ugw_yZRlCk7sa62rSB94AaABAg,Mr. com√©dia.,O fato do filme do mario ser dublado pra pt br  √© completamente ir√¥nico kkkkkkkkk,1,0,2022-10-15T11:02:43Z
UgxmDAC8TsavtAxdHGd4AaABAg,Gabriel Oliveira,"N√£o e COPA, √© koooopaa",1,0,2022-10-15T02:40:48Z
UgxvJ9xV6Ew20uYMWgV4AaABAg,Marcelo Soares,Em breve: Mario vs Sonic,0,0,2022-10-14T23:18:26Z
UgwtG1OQ_IAykb7Cw7t4AaABAg,PlayTop,"por favor universal n√£o troque o dublador  do mario o Raphael Rossatto, t√° √≥timo assim!",0,0,2022-10-14T20:27:19Z
UgxxFgRcRiYdPbf5ibJ4AaABAg,BatataLM,Pelo amor de Deus Universal... N√£o d√° uma de Disney n√£o!!! A dublagem est√° perfeita assim. N√£o coloca famoso pra dublar n√£o!,2,0,2022-10-14T20:05:37Z
UgytqyxWH0v09mIpQ1B4AaABAg,Iracema Aldarvis,‚ô•Ô∏è,1,0,2022-10-14T20:04:43Z
UgxBCUzo7Jl0yuuCMtF4AaABAg,Felipe Carvalho,Tava esperando a voz do Mario da anima√ß√£o dos anos 90. Achei uma bost@,0,0,2022-10-14T19:16:25Z
UgxixMbJ6vsK8CrWhx94AaABAg,Incr√≠vel Com√©dia Animada,Por favor universal n√£o tira esses dubladores eu imploro,1,0,2022-10-14T19:03:03Z
UgzE2H6aPchG4JnLmIR4AaABAg,Ezequiell,S√ì MOSTRO ISSO DO FIME???????????? :( pelo menos a dublagem ta EPICAAA,1,0,2022-10-14T19:01:36Z
UgyhWd6W3jWegWUExcx4AaABAg,yGodHat,Sempre q vejo a dublagem BR sempre fica ruim (as vezes bom) e tipo muita gente inv√©s de ver BR v√™ EUA mais hoje j√° sabemos como vamos assistir n√© hehe claramente o BR Ta incr√≠vel a dublagem incr√≠vel mesmo hoje a dublagem brasileira superou,1,0,2022-10-14T18:13:59Z
UgxU_FaCCN0n_qDmvUp4AaABAg,GreenSquid,"<a href=""http://www.youtube.com/results?search_query=%23mariosemstartalent"">#mariosemstartalent</a>",0,0,2022-10-14T17:36:36Z
Ugzc12j-sUJcNLF-Iyh4AaABAg,Sinopse Filmes - Resumos,"Enteada quer Dar para o Padrasto, mas Ele Esconde um Segredo Perturbador - RESUMO DO FILME. <a href=""https://youtu.be/s_faopNwyD0"">https://youtu.be/s_faopNwyD0</a>",0,0,2022-10-14T17:21:41Z
UgzXZDLxuGTF6LufHSB4AaABAg,Jhonny Silva,"Me impressiona ser Dublado em Pt-Br, achei q ia vir pro Brasil s√≥ legendado",1,0,2022-10-14T17:03:34Z
UgyvZ72VK9bu_ZRNMy94AaABAg,Gandalf_the_gray13,"Eu pensei que o Bowser ia falar &quot;nem fudendo&quot; KKKKKK que voz, amgs, que voz",1,0,2022-10-14T15:26:33Z
UgyTobPkK3M12zWq97p4AaABAg,Jonathan √Çntonio,"a ide√≠a parece ser boua, n√£o sei se vai vender tanto como parece",1,0,2022-10-14T14:28:41Z
UgzLdm3BwstWwonmkW94AaABAg,Marcus G,Parece muito bom hein!! Sem lacra√ß√£o!!  Dublagem Chris Pratt apoiada tamb√©m !! Se ele t√° no filme vou assistir!!!,0,0,2022-10-14T13:44:06Z
UgyCb5ecIn4Gm8YGRrV4AaABAg,Richardson dos Santos Neves,"Sem cegueira nost√°lgica, mas tudo perfeito no trailer.<br>Finalmente um filme digno para o M√°rio.",1,0,2022-10-14T13:20:39Z
UgzTMqK11qWOFb1iXl94AaABAg,Vanessa Mariano,"Viajei na minha inf√¢ncia! Espero que seja um filme fiel, e n√£o cheio de emendas atuais!",1,0,2022-10-14T12:57:04Z
UgxDi5_srKNKmZ2dAWZ4AaABAg,SMToon Malay,VEM MARIO!!! O Sonic tem um advers√°rio de PESO no topo da arrecada√ß√£o de filmes baseados em GAMES!! QUE COISA LINDAAAA,2,0,2022-10-14T10:01:54Z
Ugx6gOODLRpSUXPhui14AaABAg,Lu√≠s Ot√°vio,"<a href=""http://www.youtube.com/results?search_query=%23mariosemstartalent"">#Mariosemstartalent</a>",0,0,2022-10-14T06:53:36Z
UgxkoInuLZVbF0rcJEF4AaABAg,Livino Lucas,üò≠üò≠üò≠üò≠üò≠ pq velho eu chorei üò≠üò≠üò≠üò≠üò≠ sou homem krlh mas eu chorei,2,0,2022-10-14T03:07:29Z
Ugx146z98edKUIndW8d4AaABAg,F√°bio Silva,Na espectativa! Um cl√°ssico...,1,0,2022-10-14T02:41:32Z
Ugy0i5xg8XrS7DGLO3l4AaABAg,Galaxy,Mantenham essa dublagem por favor <br>N√£o coloquem famoso pra dublar t√°,2,0,2022-10-14T02:28:19Z
UgzTYOjdxxamRBoLl4h4AaABAg,Galaxy,"<a href=""http://www.youtube.com/results?search_query=%23dublagemsemfamoso"">#DublagemSemFamoso</a>",1,0,2022-10-14T02:25:58Z
UgxDG6EC2XSG_pC8tG94AaABAg,Galaxy,N√£o troquem a dublagem pra famosinhos da internet<br>Ningu√©m liga pra famoso dublando v√™ se aprendem,1,0,2022-10-14T02:23:45Z
UgxdGKb6Oy47T67Uxih4AaABAg,Galaxy,N√£o troquem os dubladores do trailer,1,0,2022-10-14T02:22:51Z
UgxnoCHBvSvQ2aO2qvt4AaABAg,Galaxy,Se trocar essa dublagem voc√™ vai morrer!!,2,0,2022-10-14T02:21:50Z
UgznxWL3OGjbNSKjStx4AaABAg,GAM3R,"N√£o troca de dublador universal esse j√° t√° perfeito,n√£o nessecita troca por famosinho,isso j√° √© uma obra de artes melhor do que isso ele vim sem troca nenhum dublador do trailer",0,0,2022-10-14T02:17:56Z
UgxFACriTILOFlRMN7V4AaABAg,Kamatashi,SIMPLESMENTE AMEI A DUBLAGEM BRASILEIRA!,0,0,2022-10-13T23:55:09Z
UgwrvK6JpvTRIEQ0kyt4AaABAg,Eduardo Lader,"DUBLAGEM INCR√çVEL!!!! <br>Querida Universal Pictures, a dublagem do teaser est√° perfeita com dubladores profissionais. <br>Pedimos gentilmente que vossa excel√™ncia n√£o acabe com o filme trazendo &quot;Famosinhos&quot; pra dublar.<br>Muito Obrigado",9,1,2022-10-13T23:05:22Z
Ugy4PiYig3UJkYqWQ0B4AaABAg,Daniel Dantas,"<a href=""http://www.youtube.com/results?search_query=%23mariosemstartalent"">#MarioSemStarTalent</a>",0,0,2022-10-13T21:59:57Z
UgzKLrL3AZqfGQF7qIN4AaABAg,Mary Souza,"Por tudo o que √© mais sagrado, mant√©m esse elenco de dublagem, se colocarem estrelas de TV vcs v√£o perder bilheteria, n√£o tem o q mexer, t√° perfeito",36,2,2022-10-13T21:03:46Z
UgxjI0dyUJdeA_F1VPN4AaABAg,Soinas Doyi,Super Mario Bros o primeiro mito da hist√≥ria dos videogames o que influenciou tudo. Merece todo respeito filme fant√°stico esse,0,1,2022-10-13T20:19:17Z
UgxrG0fBHOgWjL2gOtp4AaABAg,Gustavo Cardoso üéÆ,Ai meu cora√ß√£o! ü•πüíì,0,0,2022-10-13T17:38:01Z
UgyaD9PY3xaA8MvTsXB4AaABAg,Canal Do Patr√£o,Essa ser√° a melhor anima√ß√£o de 2023!,1,0,2022-10-13T16:58:53Z
UgyFKe8LtUpwvHz-wid4AaABAg,vitor hugo,universal n√£o coloque famosos na dublagem brasileira por favor deixe o Rafael rosato e o charles Emanuel,1,0,2022-10-13T15:41:15Z
UgznwdNMb5g_k4ucJ9Z4AaABAg,Jo√£o Pedro,Em qual plataforma vai aparecer quando sair do cinemas?,0,1,2022-10-13T13:59:59Z
UgyTUuF24DxF9rZHCPh4AaABAg,White_ Saint BG,N√£o tiram o dublador oficial do Mario ficou √≥timo parab√©ns,0,0,2022-10-13T12:38:54Z
Ugyy_6qn0CtFDftYJwN4AaABAg,Chopplifter,üëç,0,0,2022-10-13T11:10:32Z
UgwNeAI1RuCLzmhL4LV4AaABAg,Asteca Livre,"N√£o substituam os dubladores do trailer por favor, nem precisa de famosos para atrair o p√∫blico, nenhum ator vai conseguir entregar o que os f√£s querem, √© mais f√°cil o p√∫blico reclamar de um famoso ( Mion como Buzz).",0,0,2022-10-13T08:10:07Z
UgyVFwZEJjYztHqBpqh4AaABAg,Michel S. Mendes,‚ù§‚ù§‚ù§‚ù§ continua com essa dublagem muito bom com 29 anos vou ver super Mario kkkkkk,0,0,2022-10-13T05:25:11Z
UgyIl56wL09_CFzpUTd4AaABAg,Ryan Temoteo,E eu ainda n√£o entendo o pessoal que defende empresa que n√£o dubla seus jogos para o PT-BR,1,0,2022-10-13T02:39:15Z
UgyL8p1_SMhjQe4Mx8h4AaABAg,x138c,"buen trabajo del actor, maldita sea crhis prat!!",1,0,2022-10-13T02:38:33Z
Ugx1nb0LvMP8rMoWc-F4AaABAg,Erick Mingioni,A dublagem t√° muito boa!!! Por favor Universal n√£o mudem os dubladores!!!!,1,0,2022-10-13T02:05:42Z
UgxBP2Of-HK6gq8FOgx4AaABAg,Binho,Caramba mano o Pablo solando o bowser foi incr√≠vel,1,0,2022-10-13T00:44:42Z
Ugy0LKTddO5QTXlPUfd4AaABAg,Lucas Carvalho,a voz do mario n ta boa,0,0,2022-10-13T00:16:36Z
UgzbgDN2wBVMK2egx0d4AaABAg,Pedro Silva,Comentando aqui antes que o Youtoba bloqueie os coment√°rios desse v√≠deo por ser de crian√ßa,0,0,2022-10-12T21:43:08Z
UgymjZn1WEGJsogrAgR4AaABAg,Rod_117,A dublagem do pinguim t√° melhor que a do Koopa kkkk,0,0,2022-10-12T21:35:03Z
UgwwCAhGj2oWT1ugcDV4AaABAg,antonio martinelli,"<a href=""https://youtube.com/shorts/NODJKfxlpJI?feature=share"">https://youtube.com/shorts/NODJKfxlpJI?feature=share</a> <br><a href=""http://www.youtube.com/results?search_query=%23mario"">#mario</a> sem star Telenet",1,0,2022-10-12T20:13:46Z
Ugw4GLBPqcufIgtveDh4AaABAg,AbnerDubs,sou eu acho QUE O SOM DESSA BUDEGA TA &#39;&quot;meio&quot; ALTO DEMAIS????????<br>O GRAVE T√Ä M√í ALTO QUASE N√ÇO D√Ä PRA OUVIR AS VOZES.<br>mais algu√©m?,0,0,2022-10-12T19:59:10Z
Ugyxv9jqY5UPOk85FLt4AaABAg,tonar wodi,Mario na voz americana/ original),0,0,2022-10-12T19:44:54Z
UgwnqGuDvTcSmQ3-aSF4AaABAg,Lih,mano ta incrivel essa dublagemmmmmmm &lt;33333333,1,0,2022-10-12T18:43:46Z
Ugw9i53lgfSf8SMuDGJ4AaABAg,Atacilio Santos,Show!,0,0,2022-10-12T17:23:51Z
Ugy1fD6qVatVLW9JAnJ4AaABAg,Lupita,"Como era de se esperar... O Mario ficou com inveja do Sonic e exigiu um filme para o Mario. <br><br>(√â brincadeira essa parte, eu sei que o filme do Mario estava sendo planejado a muito tempo.)<br><br>Cara, o tanto de piadinhas que vai ter n√£o √© brincadeira. <br><br>&quot;Que mario?&quot;<br> <br>&quot;O que te comeu atr√°s do arm√°rio.&quot;",0,1,2022-10-12T16:13:55Z
